user_input,retrieved_contexts,response,reference,faithfulness,answer_relevancy,answer_correctness
中式馅饼的准备时间需要多久？,"['菜品名称: 中式馅饼\n分类: 主食\n难度: 4.0\n相关信息: 主食, 主食', '# 烙饼\n难度: 4.0星\n\n时间信息: 准备时间: 40分钟（醒面）, 烹饪时间: 约6-8分钟（每面各烙3-4次，每次1分钟）\n份量: 4份\n\n相关信息: 四星, 四星, 主食', '## 标签\n蒲烧汁可买现成,装盘后撒小葱解腻,日式蒲烧为烤制，本做法更中式,推荐用长茄而非浙茄圆茄', '# 手抓饼\n难度: 2.0星\n\n时间信息: 准备时间: 30分钟（含醒面20分钟+松弛10分钟）, 烹饪时间: 约5分钟\n份量: 1~2人\n\n相关信息: 芝士片, 鸡蛋, 食用油', '## 制作步骤\n\n### 第1步\n步骤: 步骤1\n描述: 在利口酒杯的最底层倒入甘露咖啡酒到 1/3 处。(10ml)\n方法: 倒\n工具: 利口酒杯\n时间: 10秒\n\n### 第2步\n步骤: 步骤2\n描述: 顺着吧勺缓缓倒入爱尔兰百利甜酒，也是 1/3 处 (10ml)。注意要慢，保证层次分明。（太快甜酒会和咖啡混合）\n方法: 倒\n工具: 吧勺,利口酒杯\n时间: 15秒\n\n### 第3步\n步骤: 步骤3\n描述: 最后在上层倒入蓝天原味伏特加 （10ml)\n方法: 倒\n工具: 利口酒杯\n时间: 10秒\n\n### 第4步\n步骤: 步骤4\n描述: 用打火机热一下杯口\n方法: 加热\n工具: 打火机,利口酒杯\n时间: 5秒\n\n### 第5步\n步骤: 步骤5\n描述: 最后一步点火： 看到淡蓝色的小火苗了吗？\n方法: 点燃\n工具: 打火机,利口酒杯\n时间: 5秒\n']",中式馅饼的准备时间需要40分钟，其中包括醒面的时间。,中式馅饼的准备时间约为35分钟到40分钟（含醒面时间）。,1.0,1.0000000000000002,0.8425940805607145
如何制作韭菜盒子需要哪些食材和步骤？,"['韭菜盒子 --REQUIRES--> 鸡蛋 --HAS_CONCEPT_TYPE--> Ingredient', '韭菜盒子 --REQUIRES--> 虾仁 --HAS_CONCEPT_TYPE--> Ingredient', '韭菜盒子 --REQUIRES--> 面粉 --HAS_CONCEPT_TYPE--> Ingredient', '韭菜盒子 --REQUIRES--> 盐 --HAS_CONCEPT_TYPE--> Ingredient', '韭菜盒子 --REQUIRES--> 韭菜 --HAS_CONCEPT_TYPE--> Ingredient']","制作韭菜盒子需要以下食材和步骤：

食材：
1. 韭菜：适量
2. 鸡蛋：2-3个
3. 虾仁：适量
4. 面粉：适量
5. 盐：适量

步骤：
1. 准备食材：韭菜洗净切段，鸡蛋打散，虾仁洗净切丁备用。
2. 和面：将面粉加入适量水，揉成光滑的面团，醒发20分钟。
3. 调馅：将韭菜、鸡蛋、虾仁混合，加入适量盐调味，搅拌均匀。
4. 包制：将醒发好的面团分成小剂子，擀成面皮，包入调好的馅料，捏紧边缘。
5. 煎制：平底锅烧热，放入适量油，将包好的韭菜盒子放入锅中，小火煎至两面金黄即可。

以上就是制作韭菜盒子所需的食材和步骤，希望对你有所帮助。",食材包括韭菜、鸡蛋、虾仁、面粉、盐等。步骤包括和面醒发、切配调馅、包制成形以及小火煎至两面金黄。,0.16666666666666666,0.7177814669543993,0.8935403123531003
甜辣烤全翅的准备时间是多少分钟？,"['菜品名称: 甜辣烤全翅\n分类: 荤菜\n难度: 3.0\n相关信息: 荤菜, 荤菜', '菜品: 烤茄子\n分类: 素菜\n难度: 3.0\n主要食材: 茄子, 食用油, 孜然', '# 烤蛋挞\n难度: 4.0星\n\n时间信息: 准备时间: 10分钟, 烹饪时间: 25分钟\n份量: 30只\n', '# 烤鱼\n\n菜系: 川菜\n难度: 4.0星\n\n时间信息: 准备时间: 20分钟（腌制）+ 10分钟（切配）, 烹饪时间: 25分钟（烤/煎+煮）\n份量: 1份\n\n相关信息: 火锅底料, 干辣椒段, 大葱', '# 烤鸡翅\n难度: 3.0星\n\n时间信息: 准备时间: 30-40分钟, 烹饪时间: 30-40分钟\n份量: 1人\n\n## 所需食材\n1. 料酒(3ml)\n2. 盐(2g)\n3. 酱油(3ml)\n4. 鸡翅中(3-4个)\n5. 黑胡椒粉(1g)\n\n## 制作步骤\n\n### 第1步\n步骤: 步骤1\n描述: 鸡翅放入碗中，加盐、黑胡椒粉、酱油、料酒进行腌制\n方法: 腌制\n工具: 碗\n时间: 30-40分钟\n\n### 第2步\n步骤: 步骤2\n描述: 将烤箱预热至200℃\n方法: 预热\n工具: 烤箱\n\n### 第3步\n步骤: 步骤3\n描述: 将腌制好的鸡翅均匀地放在烤盘上\n方法: 摆盘\n工具: 烤盘\n\n### 第4步\n步骤: 步骤4\n描述: 将烤盘放入烤箱中层，烤15-20分钟\n方法: 烤\n工具: 烤箱,烤盘\n时间: 15-20分钟\n\n### 第5步\n步骤: 步骤5\n描述: 取出烤盘，将鸡翅翻面，再烤15-20分钟，直到熟透\n方法: 翻面,烤\n工具: 烤箱,烤盘\n时间: 15-20分钟\n\n## 标签\n腌制时可加蜂蜜、姜蒜粉、五香粉提味,烤盘垫锡纸便于清洁\n相关信息: 荤菜, 三星, 三星']",甜辣烤全翅的准备时间是30-40分钟。,甜辣烤全翅的准备时间是15分钟。,1.0,0.9788182140288755,0.23697469408562918
